Workbook

Sheet README
B2: 📋 VIRORAH PMS — PIP TRACKER
B3: 30 · 60 · 90 Day Performance Improvement Plan with Milestones & Sign-Off
B5: HOW TO USE
B6: Sheet: PIP Header | C6: Enter employee info, start date, and manager details. Auto-calculates review dates.
B7: Sheet: 30-Day Plan | C7: Define milestones, success criteria, and support resources for the first 30 days.
B8: Sheet: 60-Day Plan | C8: Mid-point review milestones. Status column updates based on your input.
B9: Sheet: 90-Day Plan | C9: Final milestones and outcome decision — PIP passed, extended, or escalated.
B10: Sheet: Progress Log | C10: Weekly check-in log with timestamps and sign-off fields.
B11: Sheet: Outcome | C11: Final decision page with legal-safe language and sign-off fields.
B13: LEGAL NOTE
B14: Important | C14: Always consult your HR policy and legal team before issuing a PIP. This tracker is a learning tool.
B15: Documentation | C15: Every check-in should be logged in the Progress Log with dates and signatures.
B16: Fairness | C16: The PIP should never be a surprise — ensure prior feedback is documented.
B18: STATUS CODES
B19: Not Started | C19: Milestone not yet begun
B20: In Progress | C20: Work underway
B21: Completed | C21: Milestone achieved ✅
B22: Missed | C22: Milestone not met ⚠️
B23: Deferred | C23: Moved to next period

Sheet PIP Header
A1: 📋 PERFORMANCE IMPROVEMENT PLAN
A2: CONFIDENTIAL — NOT FOR DISTRIBUTION
A3: EMPLOYEE INFORMATION
A4: Employee Full Name | B4: [Enter Name]
A5: Employee ID / Role | B5: [Enter Role]
A6: Department | B6: [Enter Department]
A7: Manager Name | B7: [Enter Manager Name]
A8: HR Business Partner | B8: [Enter HRBP Name]
A10: PIP TIMELINE
A11: PIP Start Date | B11: 30 May 2026
A12: 30-Day Review Date | B12: 29 Jun 2026
A13: 60-Day Review Date | B13: 29 Jul 2026
A14: 90-Day End Date | B14: 28 Aug 2026
A16: PERFORMANCE GAPS (Summary)
A17: Gap 1 | B17: [Describe specific, observable performance gap]
A18: Gap 2 | B18: [Describe second gap if applicable]
A19: Gap 3 | B19: [Describe third gap if applicable]
A21: SUPPORT PROVIDED
A22: Training / Coaching | B22: [List specific training or coaching resources]
A23: Mentorship | B23: [Name of mentor or buddy if assigned]
A24: Check-in Frequency | B24: Weekly 1:1 with manager every [day]
A26: CONSEQUENCES
A27: If successful | B27: PIP closed, return to standard performance management
A28: If partially met | B28: PIP may be extended by 30 days at manager discretion
A29: If not met | B29: Further disciplinary action up to and including separation

Sheet 30-Day Plan
A1: 📅 30-DAY MILESTONES
A2: # | B2: Milestone / Behaviour Expected | C2: Success Criteria (Measurable) | D2: Support Resource | E2: Due Date | F2: Status | G2: Manager Notes | H2: Evidence Provided | I2: Sign-Off
A3: 1 | B3: Attend weekly 1:1 with manager without cancellation | C3: Zero missed 1:1s in 30 days | D3: Manager | E3: ='PIP Header'!B10 -> 0 | F3: Not Started
A4: 2 | B4: Submit daily task report by 5pm | C4: 30 reports submitted on time | D4: Manager template | E4: ='PIP Header'!B10 -> 0 | F4: Not Started
A5: 3 | B5: Complete assigned training module | C5: Module completion certificate | D5: Learning platform | E5: ='PIP Header'!B10 -> 0 | F5: Not Started
A6: 4 | B6: Deliver [specific deliverable] at required quality level | C6: Zero revisions needed on re-submission | D6: Peer reviewer | E6: ='PIP Header'!B10 -> 0 | F6: Not Started
A7: 5 | B7: Demonstrate improved communication with team | C7: Zero escalations from team members | D7: 360 feedback | E7: ='PIP Header'!B10 -> 0 | F7: Not Started
A9: PERIOD SUMMARY | C9: Completed | D9: =COUNTIF(F3:F7,"Completed") -> 0 | E9: Missed | F9: =COUNTIF(F3:F7,"Missed") -> 0 | G9: In Progress | H9: =COUNTIF(F3:F7,"In Progress") -> 0 | I9: Completion % | J9: =IFERROR(COUNTIF(F3:F7,"Completed")/(5),0) -> 0

Sheet 60-Day Plan
A1: 📅 60-DAY MILESTONES
A2: # | B2: Milestone / Behaviour Expected | C2: Success Criteria (Measurable) | D2: Support Resource | E2: Due Date | F2: Status | G2: Manager Notes | H2: Evidence Provided | I2: Sign-Off
A3: 1 | B3: Sustain all 30-day behaviours through day 60 | C3: All 30-day metrics still green | D3: Manager review | E3: ='PIP Header'!B10 -> 0 | F3: Not Started
A4: 2 | B4: Take ownership of [specific project/task] | C4: Project delivered on time, no manager escalation | D4: Project plan | E4: ='PIP Header'!B10 -> 0 | F4: Not Started
A5: 3 | B5: Proactively raise blockers before they become issues | C5: 3+ proactive blocker communications documented | D5: Slack/email log | E5: ='PIP Header'!B10 -> 0 | F5: Not Started
A6: 4 | B6: Show measurable improvement in [key gap area] | C6: [Specific metric] improved by [X]% | D6: Performance data | E6: ='PIP Header'!B10 -> 0 | F6: Not Started
A8: PERIOD SUMMARY | C8: Completed | D8: =COUNTIF(F3:F6,"Completed") -> 0 | E8: Missed | F8: =COUNTIF(F3:F6,"Missed") -> 0 | G8: In Progress | H8: =COUNTIF(F3:F6,"In Progress") -> 0 | I8: Completion % | J8: =IFERROR(COUNTIF(F3:F6,"Completed")/(4),0) -> 0

Sheet 90-Day Plan
A1: 📅 90-DAY MILESTONES
A2: # | B2: Milestone / Behaviour Expected | C2: Success Criteria (Measurable) | D2: Support Resource | E2: Due Date | F2: Status | G2: Manager Notes | H2: Evidence Provided | I2: Sign-Off
A3: 1 | B3: Sustain all improvements for full 90 days | C3: All 60-day metrics still green | D3: Review log | E3: ='PIP Header'!B10 -> 0 | F3: Not Started
A4: 2 | B4: Operate independently without manager escalation | C4: Zero manager interventions needed | D4: Manager sign-off | E4: ='PIP Header'!B10 -> 0 | F4: Not Started
A5: 3 | B5: Achieve [primary performance target] | C5: [Measurable target] fully met | D5: KPI report | E5: ='PIP Header'!B10 -> 0 | F5: Not Started
A6: 4 | B6: Complete a self-reflection report | C6: Report submitted and reviewed by HRBP | D6: HRBP review | E6: ='PIP Header'!B10 -> 0 | F6: Not Started
A8: PERIOD SUMMARY | C8: Completed | D8: =COUNTIF(F3:F6,"Completed") -> 0 | E8: Missed | F8: =COUNTIF(F3:F6,"Missed") -> 0 | G8: In Progress | H8: =COUNTIF(F3:F6,"In Progress") -> 0 | I8: Completion % | J8: =IFERROR(COUNTIF(F3:F6,"Completed")/(4),0) -> 0

Sheet Progress Log
A1: 📝 WEEKLY PROGRESS LOG
A2: Check-in # | B2: Date | C2: Topics Discussed | D2: Progress vs Milestones | E2: Concerns Raised | F2: Actions Agreed | G2: Employee Initials | H2: Manager Initials
A3: 1
A4: 2
A5: 3
A6: 4
A7: 5
A8: 6
A9: 7
A10: 8
A11: 9
A12: 10
A13: 11
A14: 12
A15: 13

Sheet Outcome & Sign-Off
A1: ✅ PIP OUTCOME & SIGN-OFF
A2: OUTCOME DECISION
A3: 90-Day Completion % | B3: =IFERROR(COUNTIF('90-Day Plan'!F3:F6,"Completed")/4,0) -> 0
A4: 60-Day Completion % | B4: =IFERROR(COUNTIF('60-Day Plan'!F3:F6,"Completed")/4,0) -> 0
A5: 30-Day Completion % | B5: =IFERROR(COUNTIF('30-Day Plan'!F3:F7,"Completed")/5,0) -> 0
A6: Final Decision | B6: [Select: PIP Passed / PIP Extended / Escalated to HR / Separation]
A7: Decision Rationale | B7: [Explain basis for decision with reference to evidence]
A9: SIGN-OFF
A10: Employee Name
A11: Employee Signature | B11: ________________________
A12: Employee Sign Date
A14: Manager Name
A15: Manager Signature | B15: ________________________
A16: Manager Sign Date
A18: HR Business Partner
A19: HRBP Signature | B19: ________________________
A20: HRBP Sign Date
